TeamId,TeamName,SubmissionDate,Score
4170032,"SAIT VNTU","2020-10-19 19:49:47",0.83941
4170079,"Ankan Dash","2020-10-04 16:44:26",0.82378
4170106,Beans,"2020-10-03 01:36:22",0.84891
4170204,andrekos,"2020-10-21 12:11:57",0.84615
4170243,xhlulu,"2020-11-06 17:43:26",0.83634
4171069,5amessi,"2020-10-31 09:46:11",0.82960
4171907,imnishantg,"2020-11-18 12:11:17",0.83297
4172343,"D Tejaswi Samrat","2020-09-28 17:52:46",0.82194
4172915,"krishnava ghosh","2020-10-18 07:39:00",0.80723
4174741,"Кирилл Чертоганов","2020-11-27 20:00:40",0.78118
4177746,"Arun Reedy","2020-11-06 17:29:46",0.79558
4177890,"Marek Nurzynski","2020-10-17 16:11:19",1.00000
4178334,"Victor Rodeño Sanchez","2020-09-27 11:41:40",0.83818
4178342,"KIM TAE HEON","2020-11-28 06:59:03",0.77811
4179499,wtf,"2020-11-28 10:12:36",0.83573
4180081,"Ankit Kumar Saini","2020-11-29 13:19:03",0.78915
4180880,🐳鲲(China),"2020-10-24 17:09:56",0.83174
4181033,AdrienB,"2020-10-12 13:20:01",0.77965
4181721,"King Prawns","2020-11-10 15:42:20",0.79374
4182451,"Mike Pegnam","2020-10-25 19:54:04",0.83512
4187734,Lukasz,"2020-10-11 14:23:46",0.79497
4188210,"Wojciech Łabuński","2020-10-30 13:53:03",0.00000
4189210,"Jérôme E. Blanch∑t 👨🏻‍💻 📊 📈 📉","2020-09-29 14:36:51",1.00000
4194297,MalteHeckelen,"2020-11-25 16:19:21",0.76555
4195454,cjber,"2020-10-22 14:04:10",0.81673
4206152,keysersoze309,"2020-11-15 12:55:14",0.82776
4207103,SuperPandas,"2020-10-02 07:01:10",0.83787
4222780,S.BakthaKolahalan,"2020-10-13 11:23:38",1.00000
4227176,ASFQAZ,"2020-11-15 05:51:35",0.82623
4231259,"Fares Sayah","2020-10-09 10:08:58",0.78087
4243545,Khushnuma,"2020-11-19 14:10:25",0.80079
4248797,"Rodolfo De Nadai","2020-11-23 16:51:59",0.80508
4254589,"JAY ITANKAR","2020-11-28 07:04:27",0.78240
4257569,"divyam anand","2020-10-19 12:43:14",0.77995
4265613,"Rob S","2020-10-03 22:34:42",0.79190
4267942,Catadanna,"2020-12-02 21:15:59",0.78577
4270382,"Hanul Jo","2020-10-03 13:06:13",0.67483
4272603,"Haimao Zhan","2020-11-25 21:35:00",0.78057
4273927,Thanosk09,"2020-09-29 13:35:59",0.99969
4276117,"Chithra Sathish","2020-10-26 07:25:47",0.78516
4278856,"Prasad Patil","2020-09-26 16:56:22",0.79650
4280083,"Alex Huarcaya","2020-11-03 06:01:14",0.73337
4282428,"Nikolaos Panagiotou","2020-10-16 08:27:45",0.78087
4284186,ifashion,"2020-11-30 07:19:10",0.83941
4287494,"Dumindu Kulasekara","2020-11-27 15:44:53",0.76064
4292861,Jainish,"2020-10-25 09:04:03",0.80631
4297659,Egg,"2020-11-01 12:46:12",0.83695
4299277,David,"2020-09-26 21:54:55",0.60435
4301853,nullpo20170707,"2020-11-23 07:12:27",0.57033
4304400,"Adeyinka Michael Sotunde","2020-10-10 10:57:41",1.00000
4307713,"Pavel Levchuk","2020-10-05 08:27:07",0.78945
4312513,tusharbhaskar,"2020-10-24 16:00:24",0.52467
4322090,"Qilin Chu","2020-09-27 03:42:30",0.84523
4322874,"Soohyun Yoon","2020-10-14 15:01:18",0.53876
4329633,nxhong,"2020-10-26 13:22:24",0.84829
4330320,"Artem Kuchumov","2020-10-13 18:23:38",0.82837
4348124,BarthelemyPavy,"2020-10-12 07:10:27",0.81029
4348945,"Chirag Choudhary","2020-11-29 09:18:52",0.77689
4355415,Mason,"2020-10-16 06:16:25",0.84308
4356663,FedericoBianchi,"2020-10-16 01:41:47",0.81336
4360467,herwinvw,"2020-10-18 18:23:58",0.81581
4362816,"Navkiran Singh","2020-11-10 17:05:07",0.82224
4373812,"Anfu TANG","2020-10-09 11:02:35",0.80876
4382047,"Bitan Ghosh","2020-11-01 05:29:24",1.00000
4385470,"Nyeko Samuel","2020-11-12 10:06:45",0.78179
4389207,Fen42,"2020-11-03 13:34:42",0.82653
4398455,"Hugo Sousa","2020-10-18 18:58:51",0.76432
4400597,AnandYadav,"2020-11-13 08:08:53",0.79129
4406480,"Rollan Sapyshev","2020-11-13 12:33:40",0.78118
4406837,Leblanc,"2020-11-14 04:13:04",0.84523
4435188,JeffKing,"2020-11-21 12:53:19",0.84921
4435440,"Shreya Appia","2020-10-03 09:04:04",0.78087
4439398,"Hossein Masoumi","2020-11-14 21:42:26",0.84829
4440169,"Jose Alberto Moreno","2020-11-16 03:19:30",0.77505
4462629,"ekshu singh","2020-12-03 14:49:33",0.81428
4466822,"Zain Hoda","2020-10-06 00:20:19",0.79895
4468404,"Gabriel Tregoat","2020-11-15 17:10:55",0.74440
4471696,Giridhar,"2020-10-19 20:35:10",0.79895
4472980,test,"2020-10-17 04:01:28",0.03064
4482269,"Jagdish Mirchandani","2020-11-14 21:20:43",0.83297
4487045,"Dhruv Gangwani #2","2020-10-08 13:21:52",0.84523
4489186,"Hong Lee","2020-10-04 14:12:17",0.82776
4490494,"Martin Haha","2020-11-23 03:06:49",0.81121
4493748,"Yogesh Kulkarni","2020-10-06 09:45:12",0.71100
4509771,"Diego Silveira","2020-11-29 17:27:22",0.80018
4514251,Max__________,"2020-11-26 10:00:07",0.79650
4515313,"Christopher FitzPatrick","2020-10-04 14:49:40",0.77934
4528427,"Dmitriy Samus'","2020-09-30 14:11:53",0.57033
4533019,Ghiles,"2020-11-29 18:15:12",0.81734
4536456,"Sajjad Ahmed Niloy","2020-11-26 08:23:10",0.83052
4545706,id2fik,"2020-11-25 11:07:34",0.83634
4547161,Carabancel,"2020-11-28 14:31:45",0.80876
4547235,earlee0412,"2020-11-11 14:57:39",0.83052
4547362,"Karthik #2","2020-10-06 08:35:17",1.00000
4548155,"Alon Wolf","2020-09-26 15:07:34",0.78915
4551000,utopfish,"2020-11-16 05:59:41",0.77413
4557651,MuhammadCNakhaee,"2020-10-13 14:14:16",1.00000
4563424,LDAR,"2020-11-02 17:34:26",0.75789
4564322,"Shailesh Dagar","2020-09-30 06:02:42",0.79558
4566296,"Edgar Napitupulu","2020-11-14 08:47:39",0.81612
4587412,Predictors,"2020-10-14 10:14:58",0.79497
4587617,Ameya,"2020-11-07 07:15:32",0.83879
4588603,Rushyant,"2020-10-20 22:41:24",0.83358
4591162,"andi buwono","2020-10-30 07:37:40",0.80140
4600764,"DEEPAK ","2020-10-08 12:14:00",0.83297
4611574,"Siddarth Ganesh","2020-11-26 05:37:24",0.79834
4627640,"Rico Hoffmann","2020-11-26 21:36:44",0.76432
4652249,"Bhujith Madav","2020-10-04 15:25:09",0.77781
4654031,"William Zeng","2020-10-22 00:34:42",0.79650
4665540,"Ivan Krokhalyov","2020-10-10 19:45:40",0.81029
4668387,rika,"2020-10-06 18:22:02",0.78148
4685690,"Mihir Chinchalkar","2020-10-29 05:49:19",0.83634
4704579,"Sean Cleary","2020-10-19 16:50:50",0.79344
4707717,"Jean Ishimwe","2020-11-18 11:51:05",0.79558
4715058,"Ankit Yadav","2020-10-04 16:55:19",0.80079
4726816,"Vijaykrishna Burra","2020-11-21 21:18:38",0.79313
4740439,MoezAbid,"2020-10-20 08:56:02",0.79926
4751495,g3k0,"2020-11-05 02:19:15",0.73797
4760165,Ojha,"2020-11-11 13:05:31",0.75543
4760404,"Ryota #3","2020-09-28 01:21:03",0.83879
4774411,"Tedeev Alan","2020-11-15 14:08:08",0.78302
4777694,"Dipit Jaywant","2020-11-03 11:40:39",0.80202
4778241,Mwenye,"2020-10-09 09:04:08",0.73613
4787960,"DIALLO Youssouf ","2020-10-31 00:53:01",0.79803
4795026,"Leo Farhat","2020-11-17 15:17:56",0.79497
4801950,"Rakka Alhazimi","2020-11-20 08:00:49",0.81612
4816309,"Takanori Hasebe","2020-11-20 19:48:29",0.78424
4826157,"Rachelle J","2020-09-28 20:43:14",0.79497
4844500,melbourne903,"2020-11-07 12:49:38",0.80508
4847405,"Fig Tebe","2020-11-09 03:33:11",0.78516
4860955,"ewq we","2020-11-07 13:28:59",0.80508
4861187,"Bo Wu","2020-11-15 05:37:54",0.82623
4863954,"Vishnu Nkumar","2020-11-21 17:31:35",0.80631
4868396,"Bahaa al-deen Kattan","2020-10-15 23:52:45",0.59577
4871476,"Claire Wu","2020-11-09 07:35:03",0.80324
4907409,"Aayush Kandpal","2020-10-23 08:50:15",0.82286
4914291,sonynavdeep81,"2020-10-19 15:15:05",0.53754
4915942,"Khaled Adrani","2020-11-20 19:54:30",0.57033
4930324,"Ayush #2","2020-10-27 16:39:47",0.76310
4939669,"Bassey Atanang Akan","2020-10-10 23:39:11",0.78179
4941481,"Tim Gibson","2020-10-15 22:47:08",0.81673
4949637,"Biswajit roy","2020-10-25 08:47:28",0.79098
4958460,"kevin Claire","2020-11-15 13:00:19",0.82776
4961746,"Randon Fullmer","2020-09-29 02:50:42",0.79037
4965841,Catastrophe,"2020-10-14 09:31:35",0.83573
4983949,frankhjh,"2020-10-19 15:59:16",1.00000
4985488,"Mevlüt Hançerkıran","2020-11-08 19:27:00",0.79282
4991873,"Zeeniye _","2020-11-29 08:16:56",0.79957
5008210,"sadeko Daniel","2020-10-19 15:15:50",0.78792
5015898,REXIS,"2020-11-08 19:55:26",0.81826
5016261,"Pawan Sharma","2020-10-10 11:38:04",0.78976
5018770,jswxhd,"2020-12-01 22:20:20",0.83021
5024720,Oribein,"2020-10-04 19:21:08",0.73214
5025521,"Josh King","2020-11-03 01:09:26",0.79589
5044148,"Ng Xing Yu","2020-12-03 09:09:57",0.82837
5048676,skyler454515258,"2020-11-24 05:37:33",0.79650
5049411,"Rahul Bana","2020-11-03 10:30:49",0.82286
5052966,"Alex Vishnevskiy","2020-11-22 13:30:08",0.82408
5066490,milad,"2020-10-16 13:24:43",1.00000
5071272,Asia,"2020-11-23 13:44:11",0.83236
5105136,Akavall,"2020-09-27 01:12:41",0.83971
5131633,"Sai Chakradhar I","2020-11-02 11:26:08",0.79313
5134247,"Ciano Saraiva","2020-11-22 05:07:03",0.79895
5136365,"Vangelis Math","2020-10-28 07:45:50",0.75513
5140861,"""Does it Sparks Joy?""","2020-10-03 06:09:35",0.81826
5146234,"Digital AI","2020-11-25 06:12:02",0.57860
5153100,"Swapnil Bhange","2020-11-16 14:18:11",0.79834
5153352,"Naman Sood","2020-11-13 06:32:07",0.84768
5163805,pupilshuo,"2020-10-02 08:37:40",0.80355
5166916,"Sujith K Nair","2020-10-14 09:52:11",0.82868
5168752,"Jonathan Moore","2020-12-03 17:10:13",0.83052
5171425,"Martin Bayly","2020-10-23 23:40:23",0.78148
5174137,AMY61,"2020-09-28 09:02:52",0.68066
5178267,NitinAArora,"2020-10-03 08:19:56",0.83328
5179664,"MANISH SHARMA","2020-10-03 20:41:10",0.79681
5186727,"Kohei Shima","2020-11-01 01:53:35",0.80263
5192277,"Frani Englert","2020-10-08 19:02:15",0.78302
5196125,ddYY,"2020-09-27 10:07:59",0.84125
5196718,"Жапырақ Batyr","2020-10-20 16:57:46",0.83726
5200428,"Vivek Singh Rajput","2020-10-30 15:04:40",0.79742
5203342,AbelJADS,"2020-10-05 22:51:54",0.83757
5212008,"Anany Sharma","2020-10-10 03:43:28",0.83757
5212989,"Hailemichael Worku","2020-10-08 19:33:56",0.82776
5218697,"Tejaswini Reddy","2020-11-12 20:38:29",0.79865
5222339,"KHALED MEBHAH","2020-11-18 19:13:27",0.78731
5223331,noele123,"2020-10-18 04:15:09",0.75329
5226152,wa007,"2020-10-09 09:51:52",0.78547
5233766,masa-suke,"2020-10-31 21:16:35",0.78057
5236202,"Muhammad Lawal","2020-10-27 07:37:42",0.80171
5238933,"Nguyễn Cao Duy ","2020-10-22 15:22:53",0.81887
5250608,Eliot,"2020-09-30 22:35:38",0.80478
5258244,MM1,"2020-09-29 14:56:40",1.00000
5262925,DisasterTweets,"2020-09-28 07:54:08",0.79926
5266254,zsy235,"2020-11-05 15:25:56",0.84431
5269413,eco,"2020-11-01 14:26:18",0.82684
5270674,jagat,"2020-11-02 04:44:44",0.79711
5272618,"Berisha Gelebo","2020-11-12 14:53:59",0.79619
5274203,kirill,"2020-10-08 00:07:30",0.83757
5279007,CanIALugRoamOn,"2020-11-10 18:26:23",0.78853
5284340,"Robert Kostrzewski","2020-10-18 19:46:55",0.64112
5288736,"Georgi Petkov","2020-09-28 14:04:48",0.79466
5292740,Avinashhsharma,"2020-12-01 19:01:13",0.55041
5293402,"Bogireddy Teja","2020-11-05 18:12:24",0.78945
5296968,"We Torture Data","2020-11-23 07:01:14",0.80110
5304955,"Uma Ojha","2020-10-07 07:17:21",0.57033
5307651,"Sergey Artamonov","2020-11-22 10:17:02",0.79834
5311005,"Anish Ghiya","2020-11-30 11:06:19",0.84891
5320770,"Madhavan Venkatesh","2020-10-19 19:35:13",1.00000
5322939,NM,"2020-12-01 14:19:15",0.76064
5324187,"Ajaypal Singh ","2020-11-04 10:59:04",0.57033
5324826,Benzion,"2020-10-11 10:24:47",0.77290
5330033,"Mohamad Fares","2020-10-12 21:33:19",0.80018
5331935,"Jacky Ho","2020-09-28 17:02:54",1.00000
5332359,aman2000jaiswal,"2020-09-29 04:14:25",0.77352
5334980,"Juan Martínez","2020-11-17 15:56:58",0.79160
5335060,"Federico Castejon","2020-10-28 16:32:00",0.79221
5336458,"Kartheek Akella","2020-10-16 19:06:02",0.83695
5339301,"Great Kipper","2020-10-06 14:42:21",0.80232
5343385,"Shikhar Raj","2020-11-15 15:58:34",0.78608
5352965,GooseC,"2020-09-30 14:40:09",0.81642
5353210,"darth manav","2020-10-04 15:25:32",0.83481
5353881,sidpat99,"2020-10-19 11:17:13",0.79436
5355394,MegzNystein,"2020-09-27 06:42:58",1.00000
5357820,"Vishal Gupta #2","2020-11-23 17:40:12",0.79068
5361709,"Artem Nechitaylo","2020-10-05 10:10:01",1.00000
5363516,Nordant,"2020-09-28 20:50:49",0.80110
5364135,"Abiola Trésor Djigui","2020-10-10 14:09:53",0.83695
5365329,"chitresh vardhan","2020-11-22 06:22:03",0.83757
5365657,vwin,"2020-09-29 07:37:42",0.82439
5366120,AKlimasauskas,"2020-10-20 11:56:03",0.81366
5367485,ulitka17,"2020-10-25 22:18:34",0.79007
5368600,"Anita Igbine","2020-11-27 12:45:49",0.76279
5371891,"Naim Mhedhbi","2020-10-10 17:51:17",1.00000
5372047,"PTRP PREEGRAN","2020-11-07 14:12:46",0.78945
5375532,Aczy156,"2020-09-30 05:48:59",0.78608
5383555,MANOJ,"2020-10-30 06:23:19",0.79129
5384536,"Frank Mollard","2020-10-26 13:20:20",0.80631
5384898,"Preeti Singla","2020-10-29 17:49:56",0.78731
5385303,Hsiang,"2020-11-22 07:13:20",0.79711
5385470,"Evangelos Tsogkas","2020-10-20 15:52:50",0.83971
5387493,BJ2M,"2020-11-04 08:44:39",0.76463
5387622,"RUSHITA V","2020-10-07 07:23:40",0.78915
5391008,"devendra rasmeriya","2020-10-31 19:27:21",0.83481
5391880,"NTU AN6001 Group2","2020-10-14 11:12:11",0.82470
5392308,"Pramila Jangid","2020-10-21 18:33:45",0.52558
5393380,"Nayem Uddin Rakib","2020-10-14 19:25:38",0.78087
5394707,adkkhn_nlp,"2020-10-04 05:43:07",0.73153
5394739,SurbhiKakar,"2020-11-01 11:08:44",0.71314
5396374,hamzabouanani97,"2020-10-13 12:34:53",0.83665
5400356,Abhay,"2020-10-17 02:14:55",0.56512
5400593,"Eugene Lee #2","2020-10-18 02:41:55",0.79282
5400688,Saichand,"2020-10-08 11:41:15",0.79619
5401979,"JORGE MORANTES FLOREZ","2020-10-23 12:19:47",0.78853
5404702,"William Yu","2020-10-28 23:47:13",0.81152
5407210,"Ankit Lodh","2020-12-01 06:45:19",0.76708
5409129,"Parth Chhabra","2020-10-28 18:34:09",0.82562
5410866,"Ishal Garg","2020-10-19 07:11:27",0.78455
5412314,vithal,"2020-11-16 06:01:40",0.79619
5413966,NewBeatle,"2020-11-27 09:12:04",0.53386
5414377,"Muriel ELIOT","2020-09-29 09:28:26",0.77321
5419289,"Varun Mokarala","2020-10-04 23:04:48",0.78486
5421580,"Artem Kostrikin","2020-10-07 12:59:04",1.00000
5422097,RiceTender,"2020-10-02 22:12:54",0.82163
5422777,"Keshav #2","2020-09-30 01:13:14",0.73368
5422976,Yolanda,"2020-09-29 07:06:51",0.84033
5423595,"Nicholas Miller","2020-09-28 08:03:35",0.82010
5424632,"Tracy Porter","2020-11-01 22:26:18",0.78363
5424675,SigalTeam5,"2020-10-17 01:50:10",0.83971
5426961,"Precy Mae","2020-10-08 05:58:05",0.79773
5427799,"Deepu Rejith","2020-10-13 12:23:28",0.78608
5428125,"Terkio Bot","2020-09-28 20:54:00",0.72050
5429047,"GuanLong Lyu","2020-10-10 11:05:59",0.79190
5433344,"Ariri Joseph","2020-10-15 02:16:37",0.44713
5434856,"Corin Zarkowski","2020-10-05 23:09:05",0.35611
5437352,"Denis Grushentsev","2020-11-22 22:35:29",0.81091
5437989,"Tushar Koley","2020-11-22 10:51:28",0.80079
5438543,"Anubha Singh","2020-11-30 12:25:54",0.81918
5440274,janimo,"2020-12-01 18:22:23",0.82408
5443284,"Chris Wagner","2020-10-22 02:35:23",0.80631
5446402,Kandesai,"2020-11-28 14:03:26",0.83604
5448293,Doorothy,"2020-10-26 06:13:44",0.69935
5449607,"Indy Navarro","2020-10-10 18:05:24",0.57247
5450160,"M Yasin Yildirim","2020-11-21 12:46:05",0.79436
5450277,"Wamuyu Wanjohi","2020-11-18 15:42:15",0.78026
5454186,paul77ms,"2020-11-23 22:30:53",0.74961
5458304,nt18,"2020-10-21 02:46:00",0.80049
5458548,cs_fighting,"2020-10-01 23:39:24",0.81642
5462224,"tianlei shi","2020-10-21 09:05:36",1.00000
5463157,"NLP Project","2020-10-14 16:06:06",0.79221
5463554,"Pavel Pokrovskiy","2020-09-27 16:19:04",0.79895
5463673,harshs_21,"2020-11-23 08:59:33",0.80416
5463970,"Vivek Sanjay Pisal","2020-11-05 03:38:24",0.79190
5464309,shubham108,"2020-09-28 12:53:54",0.80263
5464568,"Moritz #2","2020-10-28 19:19:14",0.68924
5470390,G.Wang,"2020-10-22 15:46:21",0.82899
5472582,Lighfe,"2020-10-02 13:30:42",0.78332
5473521,"Shubhangi Dabral ","2020-12-01 04:02:39",0.78302
5476507,"Rohan Chitale","2020-11-19 04:51:19",0.79957
5478468,"Jaime #2","2020-09-28 12:15:13",0.67637
5481464,"Rishi Chandra","2020-10-09 02:49:32",1.00000
5482411,Ronak,"2020-10-04 18:58:39",0.80600
5483146,"nneka onwueme","2020-10-29 20:45:07",0.79313
5483602,syoq,"2020-10-09 17:00:00",0.81244
5484294,WaffleKing,"2020-09-28 13:20:23",0.79987
5486556,hansan,"2020-11-14 19:13:06",0.80784
5486831,"Tsutomu YAMADA","2020-10-15 07:53:44",0.81121
5487910,"Sharvil S","2020-11-17 18:21:06",0.79619
5488509,"Shudit Kumar","2020-10-12 21:00:18",0.78577
5489634,saharatTiew,"2020-10-21 15:32:10",0.79160
5492308,"The Deluminators","2020-09-28 04:15:49",1.00000
5493195,"Christina Young","2020-11-06 21:19:18",0.79190
5495294,ygsanpawat,"2020-09-27 13:31:28",0.79221
5495363,"Gareth Leenderts","2020-10-01 10:41:55",0.83174
5496223,WuTiaoRen,"2020-09-27 03:27:14",0.73919
5497437,"Cameron Price","2020-10-19 22:49:07",0.79558
5498537,"Anubhav Gupta #2","2020-11-27 01:48:54",0.54857
5498568,"simon phsy","2020-10-04 02:41:20",1.00000
5499537,"Micah Dasmariñas","2020-09-29 13:00:04",0.77811
5502180,"Neil Gibbons","2020-10-23 14:46:44",0.79497
5503144,willyboard,"2020-10-22 21:04:57",0.77719
5503532,"Leonardo Daniel","2020-10-08 01:14:43",0.79374
5504790,"Soham Potdar","2020-09-29 18:10:03",0.79987
5505016,­박근아(kate8167),"2020-10-05 03:49:37",0.79619
5505383,jamongmatjuice,"2020-10-09 08:23:35",0.83236
5512856,"jayant awasthi","2020-10-14 17:14:21",0.61109
5520201,Jrmy-rbr,"2020-10-14 13:21:02",0.82745
5523186,"David Byron","2020-10-28 15:53:31",0.80508
5524313,Newbbiee,"2020-10-01 04:00:02",0.81887
5524731,【AIAcademy】kazu,"2020-10-15 03:43:18",0.77842
5525311,"Vishak Bharadwaj ","2020-10-14 10:56:02",0.79344
5525895,"Lev Novitskiy","2020-10-09 02:57:08",0.81366
5527695,MohamedFarag96,"2020-09-27 06:32:37",0.76585
5527707,"Apeksha Agnihotri","2020-11-25 07:32:47",0.75942
5528936,"Ankur Rawat","2020-10-04 10:50:36",0.78424
5529122,nityam091097,"2020-10-21 10:14:09",0.50566
5529256,"john doe #3","2020-09-27 11:46:50",0.81673
5529302,maronzweiss,"2020-10-08 07:36:49",0.80999
5529809,"Vaishnavi Khilari","2020-10-05 15:56:25",0.78853
5529882,ankcheck,"2020-10-14 20:26:04",0.84186
5531473,"Lewis Parker","2020-10-07 10:52:53",0.54367
5531629,ccpong,"2020-09-28 09:37:10",1.00000
5531793,"Denis Ahinski","2020-10-26 18:27:50",0.80937
5532059,"saitejas mopuri","2020-10-05 00:01:08",0.82715
5532922,Plasma.ichor,"2020-11-30 07:12:14",0.79374
5534580,"Prakhar Prasad","2020-11-27 17:13:05",0.79926
5535682,souroy12,"2020-11-12 19:13:42",0.79558
5535899,ronkow,"2020-11-23 10:29:23",0.79466
5536150,Bazinga_Su,"2020-10-15 08:02:41",0.89396
5536258,[Deleted],"2020-09-28 12:03:18",0.82745
5538507,"Manish Kumar #7","2020-09-30 11:44:14",0.78271
5538773,"Yaoting Wang","2020-09-30 11:00:57",0.79957
5540491,"Parth Lahane","2020-10-16 14:23:36",0.80110
5541503,"Huy Hoang Minh Cu","2020-11-25 06:32:06",0.80999
5545608,"Alan Kashkash","2020-10-04 08:53:23",0.77597
5547299,"Prashanth #3","2020-09-30 01:20:27",0.53968
5548309,ReDoppelganger,"2020-09-27 04:15:50",0.78210
5548867,"shivam shukla","2020-10-02 07:49:29",0.79895
5548992,"liu df","2020-10-29 15:25:17",0.81366
5550940,"Việt Hùng Hà","2020-10-04 22:15:25",0.79619
5555586,"Kento ","2020-10-25 15:03:22",0.81703
5555915,"Pruthvi Amin","2020-10-11 19:42:05",0.79619
5555954,fvd2,"2020-10-04 17:33:15",0.80049
5557600,Poggies,"2020-09-27 00:32:30",0.84063
5558050,RuofeiX,"2020-11-14 18:21:43",0.81489
5560386,"Guy Tucker","2020-09-28 18:53:32",0.00000
5560925,"Abhishek Reddy","2020-10-19 18:58:30",0.80815
5561060,"Mercenary Analytics","2020-09-30 20:00:41",0.79221
5562702,TeamAlpha,"2020-10-11 08:13:33",0.84247
5563278,Bhagwan,"2020-09-27 07:17:59",0.78915
5565137,xiebing,"2020-09-29 15:51:22",0.82684
5565441,"PJ Sison","2020-11-29 02:48:42",0.79221
5565869,"Kendall Kikkawa","2020-11-14 08:48:33",0.78026
5566128,"Mayur Kr. Garg","2020-10-21 21:26:40",0.78516
5566640,Arshdeep,"2020-11-25 22:33:11",0.78761
5566747,whoosh,"2020-10-04 14:36:58",0.79558
5568703,rennanliu,"2020-09-30 10:07:11",0.79344
5570573,"Marek Pol","2020-11-10 09:16:52",0.81765
5571970,"Kiseon Ryu","2020-09-28 08:08:25",0.74440
5572315,ChunHan,"2020-09-30 15:25:12",0.81458
5572774,Sanchbok,"2020-10-04 22:52:11",0.83573
5574064,"Jonas Laya","2020-11-06 01:29:00",0.79803
5575670,mbalAzu,"2020-09-30 03:57:05",0.80447
5577269,"Maciej Gronczynski","2020-09-29 16:27:50",0.79466
5577369,Athreya42,"2020-09-26 14:56:26",0.58872
5577822,"Thomas Konstantin","2020-09-29 19:42:24",0.64787
5577941,"Jamilur Rahman","2020-09-26 20:13:27",0.77658
5578425,"Moussa SACKO","2020-09-26 23:30:57",1.00000
5578770,azasimen,"2020-09-27 02:58:55",0.81734
5579411,MyLady_jp,"2020-10-24 07:12:38",0.84125
5579681,"Jinhee Kang","2020-09-28 15:30:28",0.77903
5579984,dsadads,"2020-10-03 10:02:38",0.78057
5580014,pingui3228,"2020-09-28 10:48:37",0.84002
5580188,leeinxa,"2020-10-25 14:30:57",0.79681
5580536,AlejandroLC,"2020-09-29 21:33:28",0.80171
5580628,"Uladzislau Darhevich","2020-09-30 18:05:32",0.80570
5581300,hamzahdd,"2020-09-27 19:29:09",0.56788
5581529,Ismail,"2020-10-04 08:17:54",0.80049
5581715,😑,"2020-09-28 09:36:39",0.58136
5581837,"Reham Shouman","2020-09-30 11:17:54",0.80416
5582008,"Oğuzcan TURAN","2020-10-04 18:24:42",0.79711
5582152,"Ryu Minegishi","2020-09-27 21:55:35",0.78148
5582334,"Luna McBride","2020-09-28 01:10:10",0.19859
5582762,"Jake R Embrey","2020-11-17 08:46:34",0.80232
5582920,"Zhonghan Pei","2020-10-20 05:55:46",0.78179
5583069,Toddgm,"2020-10-08 08:27:42",0.78424
5583619,"shubham kargeti","2020-09-29 13:14:02",0.77719
5584262,maleroy,"2020-10-08 13:11:29",0.82960
5584589,"Irsad Alam","2020-09-29 05:04:49",0.79160
5584683,chang028,"2020-10-19 12:02:52",0.51639
5584782,"Nikhil Bhasin","2020-09-28 12:02:57",0.78700
5585500,"Shubham #4","2020-09-29 12:43:25",0.79221
5585614,"진격의 머린이들","2020-10-08 00:56:27",0.79405
5586137,HugoDesb,"2020-09-28 18:53:53",0.79558
5587084,"Samaa Mansour","2020-09-29 13:51:43",0.78118
5587139,Saquib_Hashmi,"2020-10-03 13:19:13",0.75329
5588853,"esraa mohsen el alphi","2020-10-03 21:25:21",0.79895
5589005,"Shehab Hosny","2020-10-02 17:52:15",0.79007
5589050,"Samir #2","2020-10-02 07:16:27",1.00000
5589149,"Vladislav #2","2020-10-02 07:40:33",0.79160
5589585,"Gaurav ","2020-10-20 11:04:59",0.54857
5589586,"Chitram Dasgupta","2020-10-18 14:59:31",0.83604
5590867,Ramzeeset,"2020-10-25 15:19:19",0.64266
5591072,"james Worrall","2020-09-29 13:32:01",0.78087
5591083,"Jiaqi Li1008","2020-10-03 04:02:25",0.82991
5591169,"Andre Felippe","2020-10-08 21:22:26",0.79895
5592092,YoungGeolJung,"2020-09-29 17:08:14",0.42782
5592968,"kapil vaishnav","2020-10-12 08:58:27",0.80049
5593052,"SELVARAJ MARIYAPPAN","2020-10-11 19:26:34",0.78455
5593876,"Rajan #2","2020-10-03 12:42:36",0.78026
5594033,"Tim Jewison","2020-11-04 06:15:41",0.75206
5594202,"vikas rajpurohit","2020-10-13 07:56:11",0.82991
5594884,"Sam Kaplan","2020-11-17 07:00:24",0.80232
5595240,makhalil,"2020-10-02 08:55:15",0.79129
5595572,Markleung123,"2020-09-30 12:37:22",0.78087
5595787,"Sahil Raheja","2020-09-30 13:31:02",0.52558
5596061,"Kunwarvir Singh","2020-10-11 11:50:33",1.00000
5596876,"samruddha moon","2020-10-02 06:46:02",0.70272
5596877,"Swapnil Satardey","2020-10-01 20:21:28",0.64235
5597028,Anand.M.L,"2020-10-14 13:54:12",0.78761
5597491,James2020,"2020-10-01 19:46:25",0.48084
5597896,shixinyu,"2020-10-11 03:15:17",0.78945
5597995,LynnLye,"2020-10-01 00:53:38",0.75911
5598161,"Mr Jerry","2020-10-02 08:53:30",0.83787
5600082,"Denise Sodero Vinhas Portugal","2020-10-01 14:02:33",0.80049
5600479,"Panafidin Egor","2020-10-06 16:31:44",0.82255
5600666,"ys otsuka","2020-10-04 08:10:11",0.78057
5601347,"Tyler Tran","2020-12-03 17:32:33",0.79650
5601536,"Renan Costalonga Monteiro","2020-10-07 14:00:36",0.80692
5602000,"Samawel JABALLI","2020-10-06 09:49:28",0.80049
5602566,garygarygary852,"2020-11-14 11:26:07",0.61262
5603115,ysotsukaa,"2020-10-17 14:34:17",0.78639
5603218,"Isaac Byron","2020-10-02 09:25:01",0.82653
5603286,Amit@Altran,"2020-10-11 12:22:53",0.72448
5603749,elambrop,"2020-11-22 08:50:23",0.79466
5603757,"Eddie McGolrick","2020-10-02 08:37:58",0.78087
5605213,Ezeanyi,"2020-11-21 20:26:03",0.82960
5605711,Nicolasornicolas,"2020-10-12 20:49:16",0.82991
5605907,Wildspirit,"2020-10-05 02:35:12",0.78915
5606173,"Sebastien PAVOT","2020-10-09 20:25:33",0.80968
5606515,"harshad kulkarni","2020-10-04 09:52:16",0.53079
5607365,"Sridhar Jayadavan","2020-10-03 05:44:41",1.00000
5608104,"Debolina Chakrabarty","2020-11-20 20:40:45",0.80079
5608220,"sumit #2","2020-10-03 09:43:18",0.84308
5608847,"Daniel Cristian Fat","2020-10-11 12:40:56",0.81795
5608879,"Yaroslav Khripkov","2020-10-10 13:18:00",0.74716
5609169,"Tue Dahl","2020-10-11 10:19:27",0.80386
5609610,"Rico Pircklen","2020-10-03 20:52:01",0.78210
5609878,nothumaniam,"2020-10-05 19:10:35",0.80232
5610380,"Ashu Kanitkar","2020-10-22 05:00:55",0.78210
5611059,PINGPP,"2020-10-04 12:55:06",0.79865
5611256,"Sony Peng","2020-10-06 04:22:59",0.78915
5611324,"Bhuwan Bahadur Neupane","2020-10-13 07:17:30",0.57033
5611946,"Pavel Engel","2020-10-11 05:56:56",0.79497
5611983,OlivierDesté,"2020-10-05 15:36:41",0.76279
5612185,"Bobby Shukrallah","2020-11-06 17:38:07",0.81520
5612573,WentXu,"2020-10-19 19:35:46",0.78639
5614014,"Eleandro Custodio","2020-10-04 22:15:13",0.68771
5614545,"Fawad Ahmed","2020-10-14 10:10:25",0.78853
5614654,"Masataka Yukawa","2020-10-19 08:28:12",0.79313
5615177,"Sneha Ganesh","2020-10-09 20:34:30",0.76769
5615300,Raghavendra,"2020-10-27 07:11:50",0.72693
5615996,"Yann Hallouard","2020-10-14 21:42:30",0.77290
5616116,"Ahmed Morsi Abdelbaki","2020-10-05 10:01:47",0.80232
5617059,"Kai Teh Tzeng","2020-10-15 15:03:01",0.81703
5617156,"Navoneel Chakrabarty","2020-11-25 09:15:16",0.79987
5618061,"Paulina Sz","2020-11-29 21:50:15",0.78761
5619929,"Ali Choumane","2020-10-08 10:43:46",0.78394
5620425,"JP Zhang","2020-10-06 20:40:39",0.82347
5621526,"Daniel Jay Benson","2020-10-06 18:51:50",0.78087
5621576,"Abhishek Agnihotri","2020-10-06 04:24:25",0.79895
5622710,"Coena Das","2020-10-07 05:34:16",0.78026
5623235,ElifAkman,"2020-10-08 14:22:17",0.84278
5624999,"Stephan Jenzen","2020-10-13 20:51:39",0.78761
5625844,"Anamika Thakur","2020-10-06 17:29:07",0.57431
5627045,"Sudheeksha Garg","2020-10-07 15:14:35",0.79007
5628534,"Ayushi Shrivastav","2020-10-07 04:21:58",0.78179
5629342,"Rounak Agarwal","2020-10-11 05:28:09",0.78915
5629562,"Namrata Sharma","2020-10-11 21:37:38",0.78148
5632128,"Ankit Kumar Pal","2020-10-20 19:36:58",0.79374
5632138,"suvedaharan manickam","2020-10-07 17:45:44",0.79987
5632589,"Hussain Ahmed AL-Musawi","2020-10-07 18:37:18",0.78394
5632595,"AMMAR ALAA JAYID","2020-10-07 18:55:31",0.78332
5633006,"Sanchika Gupta","2020-10-26 19:53:05",0.71835
5633935,"Jiading Chen","2020-10-12 03:23:04",0.84033
5634208,"khalil hennara","2020-10-09 07:47:02",0.81949
5634413,Arya,"2020-10-20 05:57:41",0.84063
5635202,Konstaskar,"2020-10-19 13:09:43",0.46307
5635408,"Antoine Villatte","2020-10-10 12:15:20",0.78148
5636680,"COLTRANE TORRES","2020-10-09 12:22:07",0.63193
5638623,AbhishekPundir,"2020-10-08 20:15:46",0.74747
5638803,bartle,"2020-10-24 03:41:17",0.78271
5638948,"Sailesh Patnala","2020-10-22 05:21:33",0.79558
5639120,"Noah Rush","2020-10-21 19:14:53",0.77995
5639121,¯\_(ツ)_/¯,"2020-10-24 20:26:13",0.78761
5639260,"Shivani Doshi","2020-10-23 18:23:40",0.77719
5639292,JustJordanGreenhut,"2020-10-18 22:44:49",1.00000
5639340,"Zoe Tan","2020-10-21 05:37:51",0.79344
5639366,"Shengnan Han","2020-10-16 05:20:28",0.71682
5639450,snake34t3r,"2020-10-21 20:15:33",0.78608
5639595,HeyCarror,"2020-10-26 16:48:57",0.80049
5640046,Manug@22,"2020-10-09 08:16:07",0.77137
5640432,"Laxmi Vishvkarma","2020-10-09 05:45:53",0.79190
5640714,"Amit Kumar Jha","2020-10-12 08:11:38",0.78240
5640953,YangLi1159,"2020-10-21 10:44:42",0.77474
5641054,kingfisherzh,"2020-10-19 11:49:02",0.80232
5641068,axel,"2020-10-09 15:58:00",0.80539
5641362,"srikant kumar","2020-10-20 05:29:43",0.79282
5642583,"Xindong Chen","2020-10-18 08:48:56",0.79436
5642951,"Sundar Raam S","2020-10-09 16:00:06",0.80723
5643063,JinProton,"2020-10-10 00:13:28",0.78057
5643445,"Michael Stolyar","2020-10-10 14:42:50",0.81305
5643680,"Nicholas Bartelo","2020-10-26 15:27:36",0.80508
5643685,"Qiuyi(Rachel) Liu","2020-10-20 05:15:40",0.70425
5643957,aquaiceh,"2020-10-14 20:30:46",0.80018
5644260,"shahar wirzeberger","2020-10-13 23:14:01",0.61293
5644549,"Jing Yu","2020-10-25 06:14:40",0.78332
5644718,mikeee,"2020-10-10 08:36:32",0.80171
5644741,"sriram manikumar","2020-11-29 22:06:36",0.77076
5644781,JoungWon,"2020-10-18 10:47:52",0.72080
5645334,"Irfan Alghani Khalid","2020-10-15 22:41:07",0.78547
5645704,"Indranil Biswas","2020-11-12 14:19:04",0.62611
5647548,cycloneboy,"2020-10-18 12:30:16",0.79344
5648215,NOT-FOUND-1900,"2020-10-19 18:28:57",0.99233
5648448,"chetan chauhan","2020-10-10 20:32:14",0.54428
5648809,FB1111,"2020-10-22 01:29:25",0.78976
5648942,"Viraj Rapolu","2020-10-24 19:13:45",0.77566
5649052,"Shivansh Pandey","2020-11-01 03:28:57",0.79436
5649384,rura6502,"2020-10-16 13:02:17",0.77965
5649805,"Cody McCormack","2020-10-15 03:48:28",0.78516
5650064,mengyiheng,"2020-10-11 09:15:04",0.76831
5650675,"Nikhil Singh #2","2020-10-11 11:20:54",0.80110
5650688,"SY Park","2020-10-17 08:40:38",0.84063
5651474,"Pavel Rahman","2020-10-12 13:03:02",0.78853
5651485,RCambier,"2020-10-11 21:52:27",0.78057
5651547,"Abdelaziz Lemriss","2020-10-11 17:12:32",0.60527
5652203,"Songyu Du","2020-10-25 18:54:22",0.79865
5652373,"SZ & KD","2020-10-25 07:08:19",0.80478
5652608,Jinxuuuuuu,"2020-10-20 16:07:53",0.79405
5653031,"Robert Xiao","2020-10-27 22:44:46",0.80355
5654204,"Anpu Li","2020-10-25 14:23:29",0.54918
5654396,"Laurent Tapiau","2020-11-22 09:15:50",0.83297
5654576,"Snigdha Singhania","2020-10-19 18:34:21",0.79221
5654777,HenryLiu233,"2020-10-21 02:35:23",0.57033
5654982,laoshu,"2020-10-12 08:59:22",0.79650
5655963,elMetejon,"2020-10-16 14:22:22",0.79926
5656257,"Jatin Sharma","2020-10-13 10:14:28",0.79374
5656401,helensz98,"2020-10-19 03:35:59",0.80232
5656420,"Mahiro Fukuda","2020-11-01 04:07:50",0.71161
5656430,ktubbs,"2020-10-15 19:44:41",0.78148
5657030,ksust,"2020-10-14 09:10:30",0.80171
5657092,"Anton & Daniel","2020-10-24 00:40:35",0.79252
5657189,"Artem Sybyl","2020-10-15 10:04:30",0.79528
5657255,"Stephen Pirpinias","2020-10-26 17:24:52",0.60006
5657402,"Alexander Amy","2020-10-16 18:33:25",0.78179
5657482,"Vince Hartman","2020-10-20 23:24:32",0.78363
5657514,"Mohamed El Mokhtar El Waghf","2020-10-13 18:55:55",0.83634
5657583,"Parkash Heerani","2020-10-13 13:23:21",1.00000
5657939,"Carlos Romann","2020-11-03 03:09:12",0.79619
5658338,hak999,"2020-10-15 09:28:02",0.83328
5658390,"Jonah White","2020-11-12 23:53:38",0.55010
5658435,"Nakul Yadav","2020-10-19 23:55:10",0.78608
5658457,"Srishti Gupta","2020-10-24 17:03:52",0.79957
5658586,"Jeremy Clarkson","2020-10-13 18:18:28",0.80018
5658652,"Tom ","2020-10-19 19:43:08",0.78731
5658655,"Jeremy Shaffer","2020-10-23 04:26:19",0.78210
5658751,OmarKapur,"2020-10-18 22:30:09",0.79436
5658770,"greg Ghahr","2020-10-26 02:16:57",0.78179
5658874,"Allan Bishop","2020-10-28 23:01:53",0.78424
5658920,Psy_,"2020-10-13 20:40:41",0.80692
5658952,henrywu847,"2020-10-18 23:46:00",0.77566
5658956,"Arnav Sharma AS","2020-10-13 02:20:29",0.79436
5658999,gustavomoty,"2020-11-05 00:51:49",1.00000
5659028,"Cheryl Lee","2020-10-14 09:49:32",0.75237
5659344,BerlinHsin,"2020-10-13 04:20:21",0.77627
5659452,"kishikawa naoki","2020-10-22 05:06:02",0.83420
5659719,"Rhianna Sun","2020-10-25 08:56:36",0.78271
5659999,liyang29j,"2020-10-14 00:48:13",0.82715
5660599,"Dũng Vũ","2020-10-15 01:18:50",0.78669
5660948,"Jeremie A","2020-10-21 07:25:00",0.80692
5661329,"Ivan Kobzev","2020-10-13 11:17:20",0.79865
5661860,"krishna #3","2020-10-15 06:55:07",0.79466
5661871,aaaajun,"2020-10-19 17:24:34",0.79558
5662055,"Anant Shukla","2020-10-16 05:46:58",0.79711
5662380,"David Weatherstone","2020-10-13 17:35:21",1.00000
5662778,"Moshe Borouchov","2020-10-24 10:48:22",0.78547
5663038,notRalph,"2020-10-14 20:24:35",0.24180
5663327,"Netania Kligerman","2020-10-27 01:40:13",0.78240
5663645,"William Zhang","2020-10-21 02:40:47",0.77689
5663685,"Connor Young","2020-10-27 02:46:04",0.80049
5663830,"Xiaoyi Shen","2020-10-28 21:05:42",0.79528
5664100,guscor,"2020-10-16 10:28:40",0.84308
5664310,"ali can","2020-10-14 14:07:47",0.79007
5667228,"Sasmit Das","2020-10-19 08:08:41",0.82653
5668143,"Michal Wilkosz","2020-10-15 22:42:36",0.83757
5668527,"Christian Kahmann","2020-10-19 12:53:27",0.62365
5669374,"Yutong Wang0810","2020-10-19 01:17:42",0.79313
5669477,"Sanika Bapat","2020-10-24 19:19:36",0.79037
5669731,"Jorrit Sandbrink","2020-10-28 12:15:18",0.83849
5669761,RtourBob,"2020-10-14 18:26:50",0.78057
5669811,"Mia Casey","2020-10-21 00:10:09",0.76340
5669844,"Madi Ramsey","2020-10-26 19:53:35",0.79895
5670226,"Yimeng Sun","2020-10-19 00:29:38",0.54581
5671051,"felix felicis","2020-10-29 21:41:39",0.83573
5671265,"Soumyadeep Bhattacharjee","2020-10-30 13:54:13",1.00000
5671519,"Eric Zhewen Li","2020-10-27 02:21:22",0.80386
5671706,"Kae-Jer Cho","2020-10-18 20:53:24",0.79374
5671735,"Anam Tahir","2020-10-20 22:12:57",0.80447
5672161,saichandusambangi,"2020-10-15 06:58:35",0.80018
5672178,"Seong Eun Cho","2020-10-15 05:20:58",0.75789
5672281,"Yijing Cai","2020-10-20 03:47:50",0.82347
5672401,"Dhruv Singh","2020-10-16 16:55:14",0.81121
5672571,"Kiran James","2020-10-30 12:04:52",0.79711
5672924,"Zaicy Xu","2020-10-15 07:32:33",1.00000
5673316,honslipp,"2020-10-16 11:42:38",0.80018
5673342,brightsea,"2020-10-19 03:00:38",0.83266
5675186,BaivabDash,"2020-10-19 19:02:10",0.76248
5675217,Ken160,"2020-11-03 14:03:11",0.79711
5675823,"Angelica Kosasih","2020-10-26 19:33:31",0.80324
5676262,"Robby Sharma","2020-11-26 23:44:28",0.79957
5677263,"Harry #3","2020-10-21 00:26:22",0.78210
5677739,"Karthick Venkatesan","2020-10-26 02:04:50",0.83205
5677924,"Ali Abouelatta","2020-10-26 21:36:06",0.77260
5678200,"Eduardo Simon","2020-10-25 00:40:39",0.80355
5679163,"Summer L Wang","2020-10-21 23:52:41",0.79589
5679240,"Ravi Jambhale","2020-10-30 15:43:45",0.78516
5679341,takeYY,"2020-10-16 07:53:11",0.64112
5679496,meee,"2020-10-20 03:00:04",0.78118
5679778,"Roman Postnikov","2020-11-20 13:53:54",0.79619
5680704,"Vivek Dixit","2020-10-17 08:52:19",0.00000
5681266,"Nikhil Lakha","2020-10-16 19:20:09",0.80294
5681354,adlerpat,"2020-10-16 12:24:11",0.79681
5681379,yamahisa,"2020-10-17 13:50:18",0.71498
5681715,sgepri16,"2020-10-18 03:41:11",0.78179
5682988,"Marjorie Liebling","2020-10-22 20:33:53",0.77627
5683421,"Sylvia Nie","2020-10-26 21:35:09",0.78455
5683521,rucheiitr,"2020-10-28 21:06:34",0.78332
5683586,"Danny Lee","2020-10-23 23:48:05",0.82929
5683695,"Anton Krava","2020-10-18 14:08:34",0.75329
5683735,"Kevin Fangzhou Chen","2020-10-27 00:03:51",0.80324
5683835,neilzhang,"2020-10-21 17:36:36",0.79405
5683893,aaaaa,"2020-10-28 20:19:14",0.79344
5684142,"Meijia Lyu","2020-10-19 14:00:26",0.79926
5684203,"Rashmi Sinha","2020-10-21 18:46:21",0.78394
5684376,NUDT_DZY_DM2020B_LJX,"2020-11-19 10:37:29",0.79068
5684427,"Ruoxi Zhang","2020-10-18 20:54:48",0.78976
5684434,"Dong #2","2020-11-06 06:04:53",0.79282
5684946,lijiaqi.victor,"2020-10-18 09:08:34",0.79313
5685151,"Bo Deep","2020-11-16 11:42:26",0.79650
5685466,shhrkre,"2020-10-17 09:09:28",0.78486
5685471,­LEEYJs,"2020-10-17 09:06:33",0.77842
5685473,aseveride,"2020-10-17 09:05:47",0.78148
5685475,inryuuu,"2020-10-17 09:08:13",0.57033
5685497,ChoiJunYoung,"2020-10-17 09:08:02",0.78332
5685568,ro0ntA,"2020-10-17 15:19:50",0.79129
5686361,"Nebojsa Jukic","2020-10-29 00:25:29",0.78394
5686527,AML_,"2020-10-25 19:48:00",0.78394
5686668,"Saloni Vishwakarma","2020-10-22 16:32:25",0.79834
5686797,"Arkadiy Synovets","2020-10-17 15:08:10",0.83634
5686977,"Brian #3","2020-10-21 00:26:46",0.80631
5686987,wcbeard,"2020-10-20 02:58:13",0.51149
5687122,"Jake Sauter","2020-10-27 02:35:01",0.78577
5687332,"Wael Rabah","2020-10-17 20:18:21",0.76432
5687538,"Zhonghao Zhan","2020-10-27 00:09:31",0.80324
5687906,"Phaneendhar Thota","2020-10-31 12:37:59",1.00000
5687946,AaronYan0328,"2020-10-26 21:52:56",0.78608
5688302,SalQ,"2020-10-21 20:27:35",0.78608
5688414,"Juan Sebastian Andrade","2020-10-25 08:17:20",0.78669
5688448,EsraaHosny,"2020-10-29 05:00:47",0.79344
5688546,"Mingxuan Zhang","2020-10-26 17:57:54",0.78608
5688761,"Yehao Zhang","2020-10-21 07:08:54",0.79466
5688829,"David Cooper","2020-10-26 00:15:22",0.80539
5688919,VarshaMvr,"2020-11-15 04:35:43",0.80049
5688973,"yh chen_xt","2020-10-21 02:01:55",0.81121
5691045,wenbinm,"2020-10-20 02:23:28",0.79497
5691282,"Sviatoslav Lavrinchuk","2020-10-18 23:32:28",0.80202
5691387,"Sara Wang","2020-10-25 20:58:57",0.76340
5691433,"Julia Korsunska","2020-10-19 10:04:55",0.79987
5691903,"Meyhaa Buvanesh","2020-10-27 02:33:54",0.79619
5692153,"Moein Shariatnia","2020-10-19 09:38:55",0.75053
5692154,"Alvin Qu","2020-10-20 22:25:55",0.80447
5692380,"Aismit Das","2020-10-28 01:42:15",0.80140
5692738,dmukundan,"2020-10-25 22:45:25",0.79344
5692761,"Luca Spinazzola","2020-10-26 20:31:55",0.79313
5692947,Liang-yuChen,"2020-10-19 02:02:10",0.79405
5693009,ericrock1,"2020-11-04 08:16:35",0.80631
5693123,tony430,"2020-10-19 02:41:34",0.79926
5693192,"Han David","2020-10-19 08:53:46",0.83849
5693455,"Haonan Jing","2020-10-26 01:10:21",0.80815
5694268,Cathykc,"2020-11-08 15:20:02",0.83420
5694705,"Francesco Venerandi","2020-10-19 11:58:25",0.81949
5694801,boybike,"2020-10-24 04:07:11",0.79528
5695647,PaulPidou,"2020-10-23 07:18:22",0.83910
5695699,makoto,"2020-11-08 23:04:36",0.80600
5696324,tim80256,"2020-11-14 03:25:26",0.78792
5696349,"Jan Bern","2020-10-21 23:35:02",0.73337
5696820,"Eddie Rodriguez","2020-10-27 03:20:22",0.80110
5697074,"Samy Abisaleh","2020-10-24 21:05:30",0.79221
5697097,"Ian Yiheng Huang","2020-10-27 00:17:25",0.78639
5697148,"Andrew Koo","2020-10-20 20:44:28",0.78792
5697339,"Sherali Obidov","2020-10-25 02:34:35",0.79926
5697462,"Kat K","2020-10-31 04:55:25",0.79865
5697610,"Rider Wang","2020-10-25 22:00:02",0.78884
5697826,"Claus Feuring","2020-10-20 23:25:23",0.78363
5698305,Sudhakar,"2020-10-24 01:30:08",0.73674
5698414,"Ruben D Florez Z","2020-10-20 03:04:59",0.58381
5698539,"Ramon Henrique Roque","2020-10-28 02:32:17",0.78547
5698962,"also me","2020-10-20 04:54:47",0.78332
5699020,"Shivani Doshi 2","2020-10-20 03:50:03",0.75942
5699062,"Shivani Doshi 3","2020-10-20 03:56:58",0.76984
5699087,"Shivani Doshi 4","2020-10-20 04:29:26",0.77719
5699218,laurenmak,"2020-10-25 21:54:31",0.80110
5699259,"Panda Xu","2020-10-22 03:31:09",0.79589
5699652,"Bhargav Kakadiya","2020-10-20 07:06:19",0.78148
5699949,"Jiacheng Liu","2020-10-26 19:40:17",0.80171
5699951,quinn997,"2020-10-20 07:47:20",0.80171
5700586,yamen,"2020-10-20 12:28:55",0.79037
5700610,"Divyosmi Goswami","2020-10-20 10:34:35",0.84308
5701032,"Muhammad Shahzad","2020-11-09 15:49:09",0.80600
5701473,Lion,"2020-11-05 12:12:50",0.79650
5701496,ucchiii,"2020-10-20 14:18:28",0.83389
5701733,"Violent_ island","2020-10-22 12:51:14",0.80110
5701896,Deciduous--,"2020-11-04 17:26:54",0.22647
5701986,"Eko Julianto Salim","2020-10-20 16:13:03",0.84431
5702380,"Caleb Reagor","2020-10-21 01:30:12",0.78332
5702395,ZiyangShao98,"2020-10-26 10:25:01",0.77444
5702546,"Cosmic Egg","2020-10-21 18:27:38",0.79098
5702899,"Samantha Lee","2020-10-20 18:20:48",0.79160
5703060,"Maksym Bondarenko","2020-10-25 17:49:29",0.78853
5703119,"Min Tae Lee","2020-10-28 10:16:30",0.79773
5703280,"Elijah Roussos","2020-10-23 01:15:15",0.80110
5703550,"Maxim Bravo","2020-10-29 18:45:49",0.81213
5703762,GakuTanabe,"2020-11-17 01:19:08",0.84033
5704293,lingz555,"2020-10-27 10:25:49",0.79129
5704372,IST557_Fa20_D2,"2020-12-02 05:07:02",0.84002
5704877,feBueno,"2020-11-10 16:34:27",0.79282
5705038,BestTUDSIChittana,"2020-11-23 13:28:05",0.82837
5705216,"Dmitry Manoshin","2020-11-05 10:18:30",0.82929
5705849,"woo boo","2020-10-21 08:47:12",0.80631
5706075,Serishko,"2020-11-08 18:25:15",0.79773
5706111,YahyaYahya,"2020-10-21 12:57:09",0.74900
5706148,ryotashi29,"2020-11-18 09:08:44",0.84033
5706596,"Raul Calugar","2020-10-21 12:34:41",0.83236
5707634,"Alan Huang2","2020-10-28 01:10:09",0.77965
5708093,"juan cruz alric","2020-10-21 19:19:25",0.76739
5708536,"Tyler Lang","2020-11-07 01:09:54",0.61201
5709230,"Vito Ghifari","2020-10-30 03:19:24",0.79558
5709815,ReadeD,"2020-10-25 22:42:04",0.79282
5710028,Kris311,"2020-10-25 18:54:07",0.82960
5710111,"Tomoko M","2020-10-22 05:45:43",0.78087
5710115,kampau,"2020-11-10 16:17:22",0.83941
5710307,Swarupa29,"2020-10-25 15:38:19",0.78271
5710401,"Gaurav Tikhe","2020-10-30 17:48:58",0.79742
5710461,"Ashin Krishnan","2020-10-22 17:20:58",0.55868
5710553,"Alaksandar Salajka","2020-10-27 20:20:23",0.80968
5710641,jaypatil4739,"2020-10-22 10:07:26",0.59852
5710889,"nikhil bokade","2020-10-27 04:14:08",0.80600
5711042,"Louis-Ashley CAMUS","2020-10-22 08:35:05",0.78087
5711207,"Prem Bamrung","2020-10-22 09:38:13",0.80845
5712250,"Tristan Nolde","2020-11-06 17:16:48",0.78057
5712452,"Amandeepsingh Khanna","2020-10-22 19:26:10",1.00000
5712496,"Alfred Prah","2020-11-19 01:14:12",0.81060
5713057,shaumik_ashraf,"2020-10-31 02:20:01",0.79160
5713332,"Juan Manuel Suárez","2020-10-22 17:27:34",0.78148
5713522,"Zeeshan Patel","2020-10-22 18:09:45",1.00000
5713744,"Iris Theofilou","2020-10-22 20:16:51",0.77290
5715580,hitoKim,"2020-10-26 05:40:37",0.78731
5715713,sweetspot00,"2020-12-03 08:23:08",0.76126
5716214,Abishek,"2020-10-27 14:47:20",1.00000
5716339,"Sanket Kotkar","2020-10-30 16:32:00",0.78915
5716369,"Chinmay MANGESH Bhalerao","2020-10-30 06:19:03",0.59852
5716662,"Ashwin Lahorkar","2020-11-10 19:21:41",0.80907
5716736,"Amedia Fujiwara ","2020-11-06 21:51:45",0.81703
5717681,FunnyR4bbit,"2020-10-29 12:49:44",0.79007
5718205,"Lucien PERDU","2020-10-24 19:00:36",0.80110
5718664,"Russell Bingham","2020-10-30 03:01:38",0.78976
5718740,"Egor Pinkovskii","2020-10-25 07:30:10",0.79037
5719485,"Cheng-Wei Hu","2020-10-25 07:12:25",0.79190
5720097,"Harry Cheng","2020-10-25 04:57:41",0.78394
5720207,"Zixiong(Warwick) Wei","2020-10-25 08:03:18",0.79313
5720311,"Rajat Singh","2020-10-25 14:05:27",0.83941
5721172,"Thomas Delecourt","2020-11-07 17:04:51",0.80570
5721201,IST557_Fa20_D8,"2020-11-13 01:58:53",0.82745
5722111,"Soujanya G","2020-10-26 18:11:00",0.79405
5722242,"Tofig Bakhshiyev","2020-10-26 13:09:43",0.79313
5722381,"Julia Mnk","2020-11-29 08:32:09",0.80386
5722661,"Bhargav #4","2020-11-07 04:39:30",0.71621
5723161,"James Corbin","2020-11-11 18:34:19",0.82531
5723463,"Ashraful Islam Emon","2020-10-26 21:09:20",0.79160
5724080,sayalisalunkh,"2020-10-31 16:12:37",0.57523
5724386,crazy,"2020-10-25 09:45:30",1.00000
5724556,"Maunil Shah","2020-10-29 16:57:33",0.57186
5725405,"Tejas Sutar","2020-11-06 14:36:04",0.57033
5725926,"Loukik Raina","2020-10-25 17:06:18",0.73950
5726310,kbwen,"2020-10-26 18:33:12",0.78792
5726400,Juntao_Xie_2,"2020-10-25 18:41:32",0.57033
5728016,cchakons,"2020-11-06 15:26:00",0.83297
5728373,"Kunlong Jia","2020-10-26 06:28:14",0.78179
5728418,"Edward Elon","2020-10-26 06:40:50",0.69935
5729804,Artur_Sar,"2020-11-06 08:27:09",0.79098
5730247,"Jinlong Hong","2020-10-27 02:49:04",0.71713
5730527,"Les joyeux lurons","2020-11-17 11:58:06",0.82439
5730588,NeelGandhi108,"2020-10-27 05:28:29",0.82224
5730763,Brit,"2020-12-03 06:06:43",0.84247
5730800,IST557_Fa20_D3,"2020-11-13 00:03:46",0.82562
5731536,"Danuka Theja","2020-11-11 17:28:52",0.83542
5731573,Sekky,"2020-10-28 08:29:28",0.68954
5732122,"Tumanov Alexander","2020-11-30 20:33:01",0.79987
5732195,Afalonys,"2020-10-26 22:31:52",0.78823
5733198,themoonboy,"2020-11-28 20:00:19",1.00000
5733510,"Alagiyawanna A.M.A.I.S","2020-10-27 06:22:55",0.75758
5734483,Ravikiran,"2020-11-01 14:27:06",0.74685
5734986,"lz2461_Ling Zhong","2020-10-27 17:22:34",0.79589
5735078,Ramil,"2020-10-27 11:32:10",0.82378
5735292,"Aleksey Zikov","2020-10-27 11:43:41",0.82500
5735525,Vernika21,"2020-10-27 12:35:17",0.82684
5735535,"Nicola Montecchio","2020-10-27 17:50:08",0.64419
5736133,"Taegyoon Kim","2020-12-03 13:47:07",0.84002
5736450,"Mohamed El Baghdadi ","2020-10-27 20:59:35",0.78087
5736863,"Elena Efimova","2020-10-27 17:39:27",0.82255
5737208,"Miguel González","2020-11-13 17:41:42",0.80110
5737616,"Omar Souaidi","2020-10-29 10:18:06",0.83328
5737877,"Christian Savarese","2020-11-03 23:37:10",0.79987
5738239,IST557_Fa20_D1,"2020-11-12 00:26:04",0.82041
5738437,[Deleted],"2020-10-28 02:04:33",1.00000
5738789,"Simaran Vohra","2020-11-20 03:25:27",0.79834
5738974,"Yuansong Feng","2020-11-08 09:02:29",0.80447
5739053,"Harshal Pohekar","2020-10-30 08:49:46",0.80140
5739577,"Viktoriya Danilova","2020-10-28 07:33:54",0.82439
5739674,SahilMahajan375,"2020-10-30 19:11:00",0.69475
5739805,"ZhiCheng Fu","2020-11-06 09:20:15",0.80692
5739913,"Ashique E Elahi ","2020-10-28 09:36:06",0.78669
5739925,"rani godase","2020-10-29 10:19:31",0.79987
5739943,Sveta2710,"2020-10-28 08:53:08",0.82347
5740022,"Kevin Wibowo","2020-11-23 08:20:15",0.79711
5740134,Sora_SL,"2020-11-22 01:52:13",0.71437
5741028,"Farhad Panthaki","2020-10-30 14:44:29",0.78424
5741720,TEKP,"2020-10-28 15:42:59",1.00000
5742595,"Xiao Wang","2020-10-30 02:49:57",0.78608
5742607,IST557_Fa20_D5,"2020-11-13 03:56:26",0.84002
5742771,"Fellah Zakaria","2020-12-03 03:58:36",0.84707
5742803,"ivan dozoretz","2020-11-03 21:10:55",0.79711
5742837,IST557_Fa20_D9,"2020-11-13 01:16:52",0.83481
5744035,"Harshit #4","2020-10-30 08:19:49",0.80815
5744401,IST557_Fa20_D6,"2020-12-02 22:21:04",0.84186
5744659,"Nikhil John","2020-10-29 10:00:17",0.79497
5745858,"Vladislav Leonov","2020-10-29 16:05:33",0.80049
5746163,"Pavel Bulgakov","2020-11-15 09:16:32",0.84431
5746643,"Nick #6","2020-10-29 18:23:25",0.55807
5746805,IST557_Fa20_D10,"2020-11-13 03:04:41",0.84891
5747637,"simon wambua","2020-11-03 14:33:19",0.78087
5747891,"IST557_Fa20_D1 #2","2020-10-29 20:12:42",0.79282
5747939,Heera,"2020-10-30 19:21:31",0.78761
5748051,"Jinfang Cui","2020-10-29 20:52:21",1.00000
5748291,hecancode,"2020-10-29 22:20:09",1.00000
5748608,IST557_Fa20_D4,"2020-11-13 04:05:59",0.80508
5749123,"Devendra Vavale","2020-11-06 11:18:40",0.80171
5749199,"tanvi j","2020-10-30 07:20:13",0.77811
5749306,NoorPS,"2020-10-30 08:12:11",0.79834
5749350,"Kaustubh Hadke","2020-10-30 07:14:30",0.79650
5750622,HEroKuma,"2020-10-30 12:59:23",1.00000
5751078,warmup,"2020-11-05 06:07:38",0.82929
5751697,kunal,"2020-11-01 05:00:13",0.83297
5752057,"Anass Aljarroudi","2020-10-30 16:29:57",0.85044
5752101,"Sagar Chaudhari","2020-10-30 16:51:30",0.78761
5752284,"Alejandro Perez","2020-11-18 11:06:53",0.83420
5752448,"Bast Rob","2020-10-30 20:58:25",0.81918
5752711,"Diana de la Iglesia","2020-10-30 23:00:01",0.57033
5752842,Brahm,"2020-10-31 16:57:26",0.57707
5754094,"Saurav #4","2020-10-31 06:58:03",0.78823
5754310,"Suprita Biswas","2020-10-31 10:31:00",0.78853
5754972,"Piyush A","2020-10-31 15:37:56",0.80416
5755007,"vish #2","2020-10-31 12:40:16",0.78853
5755202,Nishan,"2020-11-19 15:40:50",0.73643
5755306,tokyocity,"2020-11-10 02:27:55",0.79466
5755335,PranjalT,"2020-11-04 17:15:13",0.74532
5757152,happylulu,"2020-10-31 23:01:00",0.79037
5757717,"Rahat Anwar Khan","2020-11-06 04:37:36",0.78057
5758608,"masoud parpanchi","2020-11-04 09:28:51",0.79711
5759407,mmrkn0131,"2020-11-01 14:45:01",0.78057
5759781,Bikash,"2020-11-01 17:31:34",0.79129
5759895,degroen,"2020-11-24 15:11:56",0.81213
5760432,"Nayak Roshan","2020-11-11 08:58:26",0.68954
5760528,"Hazem Chaabi","2020-11-01 20:49:51",0.82347
5760729,"Anirudh Singh Chauhan #2","2020-11-12 17:43:18",0.76402
5760779,"Gaurav Sikri","2020-11-19 07:20:49",0.78761
5761490,"Fan team","2020-11-30 05:45:27",0.77873
5761685,wacits,"2020-11-02 14:45:58",0.83604
5761891,naexuis,"2020-11-14 00:15:01",0.79742
5762167,"Jhansi Munagala","2020-11-08 19:32:35",0.80661
5763013,"Nagarjun M","2020-11-02 10:07:14",1.00000
5763076,GTSGTS,"2020-11-12 00:11:11",0.83450
5763709,OM_The_Tortoise,"2020-11-21 13:39:37",0.83512
5763942,"Oumaima Bentakhou","2020-11-02 20:48:10",0.79344
5764254,"Oscar ST","2020-11-03 11:55:15",0.79436
5764631,"Mohd Aquib","2020-11-03 16:51:51",0.82224
5765151,"Naseer Faheem","2020-11-08 22:41:27",0.84523
5765213,"Christopher Reimann","2020-11-30 18:36:37",0.80907
5765359,HopeGoodDay,"2020-11-03 01:29:02",1.00000
5765523,"Nikhil and Eric","2020-11-02 22:43:24",0.61293
5765822,"Swaraj Chaudhari","2020-11-02 17:53:29",1.00000
5766883,Mais,"2020-11-03 18:03:19",0.78087
5767365,HongJinWon,"2020-11-14 11:29:51",0.77444
5767866,Kerry,"2020-11-08 18:15:46",0.79007
5767927,"Kushagra Sharma","2020-11-03 16:31:44",0.79160
5768920,viranjan,"2020-11-08 07:21:30",0.79497
5772547,"Tom Haynes","2020-11-11 21:40:49",0.79589
5773044,HariniAnand03,"2020-11-08 05:40:26",0.79344
5773576,BeyzaaK,"2020-11-04 09:47:13",0.78057
5774329,"Saida Mansim","2020-11-05 22:50:47",0.79681
5774371,"MD. Safayet Islam","2020-11-04 10:06:31",0.76064
5774886,HoLoong,"2020-11-05 08:06:00",0.83052
5774935,"allam taju sarof","2020-11-05 02:42:21",0.78148
5776675,"Israel Tan","2020-11-06 16:36:43",0.78976
5776723,"Joshua Fritz","2020-11-08 21:48:13",0.76156
5776974,"Mehmet -lauda- Tekman","2020-11-05 14:18:48",0.81060
5777159,xTimPugz,"2020-11-05 20:37:08",0.76861
5777293,"Devanshi Verma","2020-11-27 20:56:42",0.82378
5777461,"A Lilac","2020-11-05 21:07:50",0.79558
5778888,LauraFanelli27,"2020-11-06 22:49:04",0.76432
5779571,"JC #2","2020-11-07 05:05:07",0.68280
5779658,"Ann Serkina","2020-11-11 16:38:23",1.00000
5779660,"Pankratova Anna","2020-11-11 08:30:42",0.83083
5779966,"Kristina Merentsova","2020-11-05 12:24:15",1.00000
5780220,"Gaurav Kumar Singh","2020-11-05 08:33:31",0.83481
5781532,"Rahul Jadhav","2020-11-13 16:49:36",0.79650
5781633,AshishSingh226,"2020-11-07 11:05:51",0.79865
5782171,"Zhenfei Li","2020-11-05 14:50:44",0.78057
5783424,"Jessie Leung #2","2020-11-06 03:24:55",0.80140
5783425,"Evgeny Ialin","2020-11-05 19:25:58",1.00000
5784048,Raposa,"2020-11-28 23:31:53",0.79436
5784113,"Carlos Ochoa","2020-11-09 05:09:54",0.76861
5784467,ScottUrbina,"2020-11-20 23:45:35",0.78639
5784676,"Ethan Cole","2020-11-06 03:35:45",0.81428
5785214,cshu,"2020-11-06 04:55:31",0.78179
5785482,RollingKirby,"2020-11-29 05:27:03",0.79619
5786786,"kamlesh satish shimpi","2020-11-07 12:25:20",0.76187
5787964,rohanp2799,"2020-11-08 15:28:00",0.79528
5788330,Pushmech96,"2020-11-08 15:44:47",0.68372
5788523,"Giorgos Aivatoglou","2020-11-06 18:33:06",0.79374
5788595,HariniKAnand,"2020-11-06 18:30:14",0.79313
5788922,"Sachiko Hasumi","2020-11-07 23:03:41",0.49402
5788959,"HK Anand","2020-11-07 00:04:24",0.79313
5789285,WilderJoseth,"2020-11-07 04:16:24",0.79926
5789633,"Xuanyong Wu","2020-11-22 09:54:46",0.79926
5790032,"Harini Kalahasti","2020-11-07 04:11:56",0.79497
5790051,"Eliana Goretti","2020-11-09 00:49:33",1.00000
5790175,"Zach Weaver","2020-11-07 05:56:49",0.79528
5790324,"Aryan Sakhala","2020-11-27 13:51:18",0.79558
5790438,"Jeff Mats","2020-11-09 03:42:14",0.80508
5790775,"Haseeb Shah","2020-11-07 08:10:26",0.83726
5790782,"Kevin D. Cho","2020-11-08 12:05:35",0.78179
5791019,Clueless,"2020-11-07 10:53:33",0.77076
5791038,btt,"2020-11-12 12:23:06",0.79926
5792013,"Jayda Koland","2020-11-07 23:08:19",0.73460
5792546,"chad cozean","2020-11-07 19:08:23",0.79834
5792627,abdul,"2020-11-11 02:09:12",0.83849
5793007,"Niv Yul","2020-11-30 10:19:07",0.75022
5793270,"Rayen Atallah","2020-11-08 00:08:09",0.78547
5793287,Silentspeed.com,"2020-11-09 06:37:52",0.78516
5793529,"Anil Singhal","2020-11-08 02:08:40",0.78486
5793534,YibingZhu,"2020-11-17 19:12:45",0.79282
5794250,"Wimolchat A","2020-11-24 13:39:18",0.80661
5794723,hoochg,"2020-11-17 15:18:24",0.78731
5795513,"Samir Thapa","2020-11-20 08:06:36",0.77474
5795516,"Sharif Elfouly","2020-11-13 17:10:24",0.81244
5795536,"Berk Gokoglu","2020-11-14 20:08:34",0.75819
5796126,"Mairead Lavery","2020-11-09 00:17:38",0.81274
5796596,"Mustapha Hankar","2020-11-09 20:00:28",0.79160
5796643,ALPHAQ,"2020-11-30 06:38:40",0.80386
5797028,"Kyusou Sim","2020-11-08 23:38:27",0.74808
5797120,new_account,"2020-11-09 00:51:26",0.79129
5797126,KKonik,"2020-11-22 23:37:33",0.75053
5797306,"Klaudia Dikunow","2020-11-28 17:27:15",0.70609
5797872,"Kyla Ronellenfitsch","2020-11-28 02:03:41",0.80876
5798069,kyle-cloud,"2020-11-09 04:16:58",0.79895
5798533,"HARUMASA SUZUKI","2020-11-09 10:13:10",0.83941
5798793,"Aditya Vashista","2020-11-09 10:18:53",0.83941
5798861,"Sahil #3","2020-11-09 06:04:15",1.00000
5799101,nishu20,"2020-11-15 13:06:42",0.84063
5799681,IgorYunusov,"2020-11-09 12:04:18",0.83236
5800194,kimjh12,"2020-11-10 12:47:18",0.77536
5800222,"andrea jacassi","2020-11-12 17:19:06",0.83297
5800659,"Dina Andrei","2020-11-10 16:30:36",0.65553
5800722,"Takeshi Maruyama","2020-11-12 13:06:39",0.79987
5801434,"Dhruthick Gowda M","2020-11-09 16:19:32",0.77719
5801781,"Sakshi Maharana","2020-11-21 18:27:30",0.80232
5801874,Georgii1911,"2020-11-09 16:54:57",1.00000
5802010,stoffy,"2020-11-11 19:26:42",0.81673
5802269,"Shubham Dharashivkar","2020-11-09 19:54:04",0.78087
5802766,"Joel De la Cruz Fuertes","2020-11-19 16:51:41",0.81703
5803754,eschibli,"2020-11-13 15:54:46",0.82776
5804808,Israaalnabrisi,"2020-11-10 15:08:04",0.77229
5805180,lensla,"2020-11-10 09:35:50",0.81703
5805241,lailai,"2020-11-16 15:27:32",0.78486
5805479,"Ludovic Jeanront","2020-11-11 11:11:21",0.76494
5805563,xwyzsn,"2020-11-10 12:49:53",0.79221
5806154,"wael chabchoub","2020-11-10 15:13:19",0.77873
5806296,"Qiushi Wang","2020-11-24 18:59:38",0.82745
5806583,"Pooya Chavoshi","2020-11-21 11:55:09",0.80018
5806714,"Julien Verdun","2020-11-27 15:10:07",0.79558
5807054,"Deepak 4145","2020-11-12 06:20:52",0.78792
5807909,"Andrii Krupka","2020-11-16 14:43:22",0.83144
5808580,"Sheethal Thankachan","2020-11-27 05:07:23",0.83879
5808582,"Tillu Balaji","2020-11-11 04:06:39",0.55041
5808769,EE258_F20_TWIT,"2020-11-28 19:09:29",0.73797
5809482,BERT_NLP_206,"2020-11-19 03:25:21",1.00000
5809524,Raksha5,"2020-11-11 06:54:32",0.78087
5809557,DEEPSHAH,"2020-11-11 08:40:42",0.71621
5809886,Nuray15,"2020-11-11 09:20:06",0.79252
5810058,"natakorn juntana","2020-11-25 14:13:57",0.80079
5810172,"MANATSAWEE WUTTICHARN","2020-11-19 04:19:47",1.00000
5810214,"Sergey Kosterin","2020-11-14 22:28:10",0.80294
5810449,"Avinash Kanumuru","2020-11-12 03:15:21",0.79098
5810512,"Allstars 2172","2020-11-11 13:24:38",0.81795
5810652,"Adarsh Singh rathore","2020-11-11 12:04:40",0.59760
5810821,"EMMANUEL OLADEJO","2020-11-11 12:02:15",0.57033
5811340,"IGOT7 LOVEGOT7","2020-11-25 14:29:37",0.80079
5811883,bubbadawg,"2020-11-12 10:27:46",0.79865
5812087,"Vasev Alexey","2020-11-11 16:45:49",1.00000
5813053,Rzhong2333,"2020-11-19 04:32:03",0.79405
5813120,"Filipe Thomaz","2020-11-11 22:13:29",0.78700
5814785,"xiaojuan liu","2020-11-14 08:20:30",0.79313
5815383,"Yahoo NLP","2020-11-27 06:59:20",0.79282
5816880,mattpodolak,"2020-11-12 19:42:42",0.70824
5817292,"Bucks pin","2020-11-19 20:05:28",0.82653
5818683,managetopia,"2020-11-12 23:07:09",0.80753
5818997,"Bolade Victor","2020-11-16 23:49:30",0.00000
5819698,"Frank De La Mota","2020-11-13 07:44:39",0.78087
5820261,"Code and Croissant(C&C)","2020-11-21 18:31:02",0.79589
5821652,Ludo,"2020-11-13 16:41:45",0.79098
5821696,frij_ole,"2020-11-25 18:16:52",0.79926
5821779,"Ashutosh Barkule","2020-11-20 04:49:30",1.00000
5821837,3GirlsTech,"2020-11-19 07:56:10",0.80447
5821983,leloe97,"2020-12-02 18:13:30",0.79681
5822260,[Deleted],"2020-11-20 17:19:12",0.65430
5822374,Imma_die_now,"2020-11-25 14:24:38",0.80508
5822473,"b07901062_and the boys","2020-12-02 05:30:21",0.78118
5822571,"ayush Kumar63","2020-11-14 14:43:56",0.57033
5822712,"Muhammad Hasnain Khan","2020-11-26 12:16:41",0.80263
5822862,BaoNguyen,"2020-11-15 05:21:50",0.79681
5824009,EE258_F20_AO,"2020-12-03 08:21:07",0.77903
5824352,"PARUL BANSAL120499","2020-11-14 08:13:40",0.97793
5824557,"Shivam Shivi","2020-11-14 08:06:59",0.99724
5824914,"Nattachan Ningnoi","2020-11-14 11:09:57",1.00000
5825457,"Pulkit Gupta #2","2020-11-25 12:12:30",0.78823
5825584,"Ishaan #3","2020-11-23 07:29:00",0.82378
5825770,"Simon Safonov","2020-11-23 16:03:46",0.74103
5825937,"Abdul Rehman 555","2020-11-18 10:08:10",0.79068
5826239,"Chen Zhang","2020-11-20 13:03:25",0.79037
5826316,"Arnav Gupta","2020-11-14 17:58:30",0.79834
5827044,"Orlando Avalos","2020-11-14 22:27:18",0.79926
5827541,"ryosuke kuwahara","2020-11-23 01:29:12",0.78424
5827876,"raghav jha","2020-11-28 09:33:00",0.57033
5827931,"lazy girl","2020-11-25 17:26:43",0.80079
5828284,benaf,"2020-11-21 09:03:18",0.57033
5828748,ML_BIKRANT,"2020-11-15 18:25:33",0.79466
5828857,"Jatin #4","2020-11-15 16:47:27",0.77627
5828908,Gowtham_Tnvs,"2020-11-15 11:49:50",0.78577
5828957,"VARINDA RANI","2020-11-21 18:28:07",0.00000
5829248,"Luv Khandelwal","2020-11-16 11:32:28",0.80049
5829352,"Ryogo Oshigoe","2020-11-15 12:42:00",0.78118
5829678,"Omar Kanan","2020-11-15 19:03:14",0.82776
5829892,"SH1VAM GARG","2020-11-15 15:05:16",0.77965
5830175,"tushar dobhal","2020-11-20 07:53:44",0.80294
5831427,tru2life,"2020-11-23 02:11:56",0.79650
5831962,Grand_Master,"2020-11-20 03:57:37",0.84094
5832406,"Boyang Bao","2020-11-16 04:35:13",0.83941
5832625,An.ach,"2020-11-20 04:27:21",1.00000
5833024,looktarnsrp,"2020-11-20 04:23:52",0.79711
5833702,valp998,"2020-11-19 13:57:52",0.77658
5833870,makaryb,"2020-11-22 13:35:33",0.75022
5834234,"Boris Louchart","2020-11-16 14:22:13",0.78210
5835342,supernova93,"2020-11-18 22:40:18",0.79436
5836746,"Lauri Huhta","2020-11-21 19:15:30",0.79528
5837133,"Gary Aflalo","2020-11-16 20:15:16",0.79619
5838943,"Lucas Dutra","2020-11-17 01:02:05",0.75789
5840704,206_DSI_multiNB,"2020-11-26 12:33:00",0.79436
5840863,Les_Feuilles_Mortes,"2020-12-02 08:11:23",0.82531
5841165,"SHUBHAM GOYAL","2020-11-17 06:36:00",0.82255
5841761,Lineldor,"2020-11-21 08:21:16",1.00000
5841854,Simran29995,"2020-11-25 14:55:58",0.83174
5843805,"Илья Пушкарев","2020-11-17 15:45:41",0.83573
5846532,Jenaei,"2020-11-18 00:08:20",0.80018
5846999,EE258_F20_97,"2020-12-02 18:43:11",0.69721
5849202,y0n9q1,"2020-11-26 10:00:34",0.00000
5849241,Turgut,"2020-11-18 14:53:45",0.83573
5850656,Bikrantk,"2020-11-24 11:51:35",0.77811
5850919,"ASHITA KHURANA","2020-11-18 14:47:01",0.74501
5851106,"Pavel Artemkin","2020-11-18 14:38:26",0.80416
5851209,"Nikhil Prashar","2020-11-29 08:06:00",0.76800
5851996,สวัสดีครับท่านผู้ชม,"2020-11-26 02:32:04",0.80079
5852155,Twistbot,"2020-11-18 17:18:12",0.81121
5852175,"Slawomir Biernacki","2020-11-19 12:05:17",0.78087
5852421,NONNOYs,"2020-11-25 18:30:44",0.79282
5852878,"Sergeenko Egor","2020-11-26 16:27:02",0.80447
5853054,died,"2020-11-23 18:04:12",0.79282
5853256,"An Vo Le","2020-11-26 18:22:38",0.75329
5854673,EE258_F20_SANKETPATIL,"2020-11-25 01:29:55",0.79558
5855201,Tachikoma1,"2020-11-22 20:33:15",0.80263
5855283,"Kids With Code","2020-11-21 16:27:06",0.80447
5855603,"CHALAT SINGANGKURA","2020-11-23 13:07:40",0.80110
5855896,"Khushnuma Grover","2020-11-23 14:56:26",0.81795
5856084,"Hiten Garg","2020-11-22 11:28:24",0.82163
5856196,"Steffen Zou Weilun","2020-11-24 15:25:34",0.81550
5856420,"da lao","2020-11-20 11:16:28",0.76953
5856903,Tanishq1980,"2020-11-19 14:15:46",0.80447
5857250,youmin,"2020-11-23 07:25:15",0.78026
5857273,"Sanchit Dhingra","2020-11-19 16:11:14",0.79436
5857580,"Ahmad Hanif","2020-11-19 14:24:16",0.45908
5857934,"Srishti  Kalra","2020-11-23 14:52:54",0.81366
5857951,Shrimpster,"2020-11-21 11:55:47",0.84216
5858175,"Akshay Dhyani","2020-11-19 17:06:33",0.79497
5858365,DIVYANSHI23,"2020-11-25 13:34:17",0.79895
5858449,satviksg,"2020-11-19 16:15:44",0.79436
5858486,deveshkatoch,"2020-11-20 05:48:26",0.80937
5858569,"Mohamed Jmal","2020-11-19 17:03:21",0.76616
5858649,trinity,"2020-11-26 00:19:26",0.80784
5858721,"MAYANK KUMAR SINGH","2020-11-23 10:03:44",1.00000
5859259,Nattachan_Ningnoi,"2020-11-19 19:11:06",0.83573
5859354,"Yulia Kuznetsova","2020-12-03 09:33:05",0.80202
5859387,"Abhishek Goyal","2020-11-24 15:12:23",1.00000
5859919,palapara,"2020-11-25 04:19:25",0.83787
5862202,EomTark,"2020-11-27 05:36:30",0.78271
5862394,"Wildan Gunawan","2020-11-20 08:25:22",0.79436
5862439,AumLou,"2020-11-22 11:55:04",0.76126
5863223,llkinnn,"2020-11-22 14:35:22",1.00000
5863611,Hardik_101883010,"2020-11-25 12:37:43",0.77382
5863776,"Ankit Beniwal","2020-11-30 05:10:47",0.82991
5864291,valdez007,"2020-11-24 04:35:26",0.80049
5865423,"YANISA SOMCHAN","2020-11-23 20:46:44",0.80815
5865516,"Aditya Vashista #2","2020-11-21 08:27:48",0.83941
5865813,karmel,"2020-11-21 18:46:07",0.82653
5866368,"shreyansh sinha","2020-11-28 19:02:43",0.79344
5866416,"Manav Upadhyay","2020-11-20 17:42:55",0.77627
5866679,[Deleted],"2020-11-20 18:36:42",0.71529
5866755,[Deleted],"2020-11-20 18:55:03",0.74900
5866792,"Darya Sukhova","2020-11-20 19:33:19",0.74900
5867710,"Cheng Ren","2020-11-25 06:46:39",0.81060
5868223,"Iara Santelices","2020-11-29 20:50:16",0.58044
5868242,"SHAILENDRA JAIN","2020-11-27 03:07:36",0.80937
5870372,"Erick Salazar","2020-11-24 03:41:32",0.82653
5870520,Gumper_ss,"2020-11-23 13:27:41",0.80263
5870769,"Anastasia Lisina","2020-12-02 21:48:31",0.93410
5871181,"Oleg Veselov","2020-11-21 12:18:24",0.79865
5871677,"AoYun Shen","2020-11-23 02:15:27",0.79957
5871694,"Rawisara luangaksorn","2020-11-26 07:39:19",0.79374
5872278,ไข่เจียวสีทองบุ๋งๆ,"2020-11-21 15:12:28",0.80661
5872667,"NATANIT PHEMHUNSA","2020-11-25 14:48:00",0.79344
5873196,Vaniza,"2020-11-23 19:18:26",0.80815
5873518,"Jatin Mittal","2020-11-22 06:12:03",0.81060
5873658,"Khaled #2","2020-11-23 10:13:00",0.83512
5873944,"Maxim Bykov","2020-11-25 15:57:06",0.79957
5874891,"Anand Chandran","2020-11-28 13:44:40",0.79007
5875999,GG_Sehun,"2020-11-26 12:33:44",0.80447
5876167,"Krishna #4","2020-11-27 06:26:10",0.80815
5876207,pumpkin,"2020-11-22 09:01:13",0.57033
5876305,"Bam Nichaporn","2020-11-24 03:47:27",0.79742
5876337,katerina20,"2020-11-22 12:07:57",0.78087
5876455,"rei nex","2020-11-23 17:36:37",0.74379
5876665,"KITTISAK THONGSI","2020-11-23 19:55:31",0.79619
5877001,"SUKONLAPHAT CHINNAWONG","2020-11-25 20:26:23",0.80508
5877145,haswat,"2020-11-22 12:44:19",0.43824
5877250,YANAKORN2,"2020-11-22 12:42:12",0.80478
5877793,ChiTerILP,"2020-11-23 10:11:48",0.74379
5877978,ishaanvijh,"2020-11-23 07:24:03",0.82378
5877994,zvladn7,"2020-11-23 15:19:52",0.75390
5878075,Keks,"2020-11-23 22:00:39",0.77444
5878219,appichhayya,"2020-11-22 15:40:34",0.80416
5878503,Yanakorn3,"2020-11-22 16:48:22",0.80478
5878743,"Intiwon Dechsing","2020-11-24 03:44:56",0.80049
5879276,"Ashish kumar chhetri","2020-11-22 23:35:50",0.79619
5881012,"Qi Zheng","2020-11-30 03:09:15",0.74348
5881646,ไข่เจียวสีทองอมน้ำมัน,"2020-11-23 14:06:21",0.79405
5882199,xiatian1015,"2020-11-24 10:20:48",0.79436
5882570,"Tanmay Pathak","2020-11-23 14:08:40",0.78884
5882633,Kapilkumargupta,"2020-11-23 09:12:06",0.79589
5883129,"MOLLAPAN KUABPHIMAI","2020-11-23 16:08:50",0.79742
5883497,NTU_r08725030_,"2020-11-25 08:48:29",0.84308
5883513,"Orestes Olivera Marrero","2020-11-26 14:02:30",0.53478
5883561,"THANAPHON SUT","2020-11-23 19:32:17",0.81703
5883866,"Ilya gusarov","2020-11-23 19:05:28",0.71559
5884149,Shlyaga,"2020-11-23 15:47:45",0.74900
5884231,Manvi_101883053,"2020-11-23 13:54:18",0.83328
5884452,"Buddhikarn siriwan","2020-11-23 13:35:29",0.79957
5885619,BikbulatovDI,"2020-11-29 17:05:00",0.83573
5885634,Trinity185,"2020-11-23 18:21:21",0.79436
5886150,PnXGUiDE,"2020-11-23 18:23:24",0.80049
5886182,"Vlad Zybkin","2020-11-23 17:49:05",0.74287
5886721,"Nicolas Baouaya","2020-11-28 18:01:57",0.80324
5887192,"Healthy Body & Mind","2020-11-23 20:30:40",0.79558
5889821,"SIMRANJEET SINGH","2020-11-25 07:50:49",0.82255
5890024,pro_userrr,"2020-11-24 03:29:29",0.80968
5891010,"Mihir Desai","2020-11-25 01:55:09",0.75635
5891648,"Harmeet kaur","2020-11-25 05:32:02",0.57033
5893500,"Guillermo Parra","2020-11-24 10:50:20",0.79987
5893522,vaibhavsingh,"2020-11-25 16:23:13",0.78945
5893699,Althea_chen,"2020-12-02 13:52:16",0.79497
5893709,"Travis Scott","2020-12-01 10:06:28",0.79374
5894152,"KUSHAGRA THAKRAL7744","2020-11-25 17:32:17",0.73735
5894479,Marachan,"2020-11-25 07:41:49",0.78577
5895273,pbf,"2020-11-24 14:46:24",0.80784
5896920,DRafal,"2020-11-24 19:43:55",0.78087
5897093,"Moritz ","2020-11-24 19:24:54",0.78057
5897112,"Ivan Guerrero","2020-11-24 18:31:04",0.78148
5897506,"abhishek goyal19","2020-11-24 19:22:49",0.80508
5898672,Gordon,"2020-11-24 22:57:21",0.83726
5900562,"Kolby Sarson","2020-12-02 09:03:51",0.80447
5900979,"Balraj Massoun","2020-11-25 16:01:20",0.79895
5901091,Aarshi,"2020-11-26 14:08:58",0.83542
5901642,ARSH2604,"2020-11-25 09:29:13",0.77413
5901773,yash972saxena,"2020-11-25 11:21:05",0.78486
5902561,"Aniket Gupta #2","2020-11-25 12:04:08",0.80079
5902609,"Muhammad Alfian Pratama","2020-11-27 11:55:22",0.78302
5902746,"massinissa guendoul","2020-11-25 13:12:10",0.84094
5902831,"ROHIN SURI","2020-11-25 11:47:08",0.79436
5902836,"SUPAWINEE JAESAI","2020-11-25 12:07:37",0.79926
5903035,"pearche redspin","2020-11-25 12:25:16",0.79926
5903078,jenniferwwwww,"2020-11-30 11:42:17",0.84002
5903266,"Alpha Centauri","2020-11-25 13:56:25",1.00000
5903512,"Ramneet Singh","2020-11-25 13:50:17",0.75881
5903698,"Emil Haas","2020-11-25 14:28:36",0.78179
5903725,"natakorn natakorn","2020-11-25 14:06:50",0.80079
5904379,"hiyunkie BAA","2020-11-25 15:32:38",0.79926
5904391,"Adrian Dratwiński","2020-11-26 16:53:53",0.83358
5904806,"Rajat Siwach","2020-11-25 16:48:17",0.78179
5904853,"Gokul koolwal","2020-11-25 17:20:02",0.75543
5904887,"kaik kimkla","2020-11-25 16:55:01",0.79926
5904901,kittisakTho,"2020-11-25 16:58:19",0.79528
5905027,"HARSH SHARMA1234","2020-11-25 17:34:06",0.76892
5905042,"Anurag Aggarwal 88","2020-11-25 17:59:26",0.77413
5905127,ToXicAnt,"2020-11-25 17:37:58",0.83083
5905154,KITTISA,"2020-11-25 18:13:30",0.79528
5905501,KITTISAr,"2020-11-25 19:33:59",0.79742
5905523,qlc,"2020-12-01 23:33:17",0.79252
5905626,Nantiyaice,"2020-11-25 20:05:06",0.79619
5905713,"Ben Rasich","2020-11-25 19:49:03",0.79007
5905776,Kittisat,"2020-11-25 19:38:18",0.79803
5905873,"APIWAT YOKYUENYONG","2020-11-25 20:09:07",0.80447
5906010,guymildbam,"2020-11-25 21:00:58",0.80508
5906052,NTU_b07902052_巨槌瑞斯,"2020-12-01 14:52:24",0.83113
5906256,mpwk01,"2020-11-25 21:54:29",0.78087
5906263,HighSpin,"2020-11-30 21:24:47",0.79619
5906469,popepy12,"2020-11-25 22:40:14",0.80815
5906583,Yaninpa,"2020-11-25 23:36:02",0.80753
5906698,Jessizora,"2020-11-26 00:04:15",0.80784
5907491,"Kanthicha Juntepa","2020-11-25 16:08:50",0.80324
5907600,"Amar Fadil","2020-11-26 04:59:21",0.51057
5909299,"Julien Pinede","2020-11-29 16:27:04",0.83358
5909848,NTU_r08946016_,"2020-12-01 07:25:03",0.83604
5909850,"Lien Suitnatsnoc","2020-11-28 12:08:43",1.00000
5912931,"Sam Kimbinyi","2020-11-26 23:04:19",0.78148
5913387,kyeongwook,"2020-12-02 11:30:54",0.00000
5914230,"Paul Xiao","2020-12-01 07:12:04",0.70793
5914260,"Lakshya Rawal","2020-11-29 18:47:55",0.78639
5914927,NTU_r08944018_9,"2020-11-29 15:19:47",0.78057
5915486,"HyungSoon Lim","2020-11-27 12:31:55",0.78516
5915498,baaaam771,"2020-12-02 11:39:42",0.00000
5915882,VictorNMartinez,"2020-11-28 16:27:12",0.79650
5915912,DripTeam,"2020-11-28 15:58:16",0.79650
5916101,"Sunny Sharma","2020-11-27 12:51:25",0.78792
5916278,"Enes Keskin","2020-11-27 13:53:04",0.79742
5916939,"Igor Avilov","2020-11-29 16:51:51",0.80478
5917931,gustavo.g.s,"2020-11-27 18:50:06",1.00000
5918242,"Marco Cesar Hernandez Inzunza","2020-11-28 01:12:56",0.57247
5923956,LeonelHeredia,"2020-11-28 07:10:09",0.79987
5925746,"kamal deep","2020-11-30 07:30:36",0.82899
5925877,"Ashwin Rachha","2020-11-28 09:04:41",0.77198
5925910,"Yomira Espinoza Pinedo","2020-11-28 06:52:41",0.79987
5926230,Kdeep1998,"2020-11-28 08:22:39",0.57033
5927666,"Poramintr Limpaporn","2020-12-01 13:32:01",0.57523
5927719,"Marco Occhialini ","2020-11-28 14:29:26",0.79711
5928057,Ali.Ahmed94,"2020-12-01 15:08:09",0.80784
5929631,"Juan Luis Gutiérrez Urbano","2020-12-02 06:51:56",0.76677
5930120,"Kana Nakako","2020-11-29 06:00:28",0.78087
5930218,Serendipity618,"2020-12-01 08:04:30",0.77811
5930616,"Mukhar Jain","2020-11-29 07:09:08",0.83849
5931212,"Pooja Sharma","2020-12-02 13:40:18",0.79221
5931359,"Naga Kalyan","2020-11-30 04:53:12",0.78639
5931736,jakobs.dev,"2020-11-29 12:40:57",0.78302
5932093,"Nguyen Tuong Quang","2020-12-02 04:26:59",0.79098
5932319,jpm2617,"2020-12-01 20:38:00",0.78302
5932468,"Kelvin Kinda","2020-11-30 18:45:17",0.79374
5932509,"İhsan Ozan Özkan","2020-12-01 06:58:02",0.79282
5933091,"carlos bedrock","2020-11-29 23:52:18",0.57523
5933554,"Linda Velasquez","2020-11-29 19:15:57",0.79098
5934135,"Tayfun AKCAY","2020-11-30 21:43:49",0.84523
5936471,"Debi Prasad Sen","2020-12-03 18:09:20",0.81121
5936578,"Chavisha Arora","2020-11-30 09:51:53",0.80140
5938198,chenNNNNNNN,"2020-12-01 15:07:59",0.79558
5938331,AnnaSan,"2020-12-03 13:06:16",0.79221
5938663,"Filippo Pellizzari","2020-12-01 16:48:00",0.80232
5939026,LeoSaci,"2020-11-30 23:52:58",0.78547
5940158,Billwaa,"2020-12-01 04:50:03",0.75605
5940630,DAO,"2020-12-03 14:10:08",1.00000
5942447,饶玉龙,"2020-12-01 13:36:34",0.83358
5943195,"Vlad Kostoglodoff","2020-12-01 13:16:34",0.79619
5943227,"Huagela Meow","2020-12-03 09:45:50",0.84492
5943289,feather,"2020-12-03 05:31:32",0.83052
5943300,Mxa4646,"2020-12-03 05:54:30",0.84186
5943504,laffection,"2020-12-03 05:09:44",0.78700
5943534,"Sergey Smirnov","2020-12-01 13:32:47",0.79558
5944679,"Russell Chiang","2020-12-02 11:17:17",0.80447
5945226,José,"2020-12-02 19:36:20",0.77382
5946193,"Can Gokalp","2020-12-01 23:40:22",0.83021
5946349,jhfhgb,"2020-12-02 03:00:59",0.79589
5946628,"Aadesh Baral","2020-12-02 03:48:14",0.77260
5947042,jlkjljk,"2020-12-02 04:14:27",0.80416
5947261,Admin,"2020-12-03 10:03:30",1.00000
5947880,Beanasdf,"2020-12-02 09:35:56",0.74900
5948512,"Kayla Nguyen","2020-12-02 16:17:44",0.78057
5951550,KamilK,"2020-12-03 00:35:24",0.78669
5952200,"Garrett Davidofsky","2020-12-03 03:25:49",0.74440
5954291,sampathrg,"2020-12-03 15:21:38",0.75758
5954825,"mihir deo","2020-12-03 16:34:06",0.77811
5955407,NUDT丁兆云2020BQZT,"2020-12-03 16:53:38",0.83144
